{
    "final_state": {
        "C0": -1.8548702882705702e-136,
        "C1": -0.0,
        "C2": 0.0,
        "C3": 8.628212464367907e-260
    },
    "ADN_pesos": [
        0.7074312752789929,
        0.5627277807854187,
        1.2624515991312577,
        0.6881225453967067
    ],
    "estabilidad_final": 1.0,
    "timestamp": "2025-12-07T00:30:20.071776"
}